-- MySQL Script generated by MySQL Workbench
-- Thu Mar 24 15:18:57 2016
-- Model: New Model    Version: 1.0
-- MySQL Workbench Forward Engineering

SET @OLD_UNIQUE_CHECKS=@@UNIQUE_CHECKS, UNIQUE_CHECKS=0;
SET @OLD_FOREIGN_KEY_CHECKS=@@FOREIGN_KEY_CHECKS, FOREIGN_KEY_CHECKS=0;
SET @OLD_SQL_MODE=@@SQL_MODE, SQL_MODE='TRADITIONAL,ALLOW_INVALID_DATES';

-- -----------------------------------------------------
-- Schema cp13b
-- -----------------------------------------------------
DROP SCHEMA IF EXISTS `cp13b` ;

-- -----------------------------------------------------
-- Schema cp13b
-- -----------------------------------------------------
CREATE SCHEMA IF NOT EXISTS `cp13b` DEFAULT CHARACTER SET utf8 ;
SHOW WARNINGS;
USE `cp13b` ;

-- -----------------------------------------------------
-- Table `cp13b`.`store`
-- -----------------------------------------------------
DROP TABLE IF EXISTS `cp13b`.`store` ;

SHOW WARNINGS;
CREATE TABLE IF NOT EXISTS `cp13b`.`store` (
  `str_id` SMALLINT NOT NULL,
  `str_name` VARCHAR(40) NOT NULL,
  `str_street` VARCHAR(30) NOT NULL,
  `str_city` VARCHAR(45) NOT NULL,
  `str_state` CHAR(2) NOT NULL,
  `str_zip` INT NOT NULL,
  `str_phone` BIGINT NOT NULL,
  `str_td_sales` DECIMAL(8,2) NOT NULL,
  `str_url` VARCHAR(100) NOT NULL,
  `str_notes` VARCHAR(255) NULL,
  PRIMARY KEY (`str_id`))
ENGINE = InnoDB;

SHOW WARNINGS;

-- -----------------------------------------------------
-- Table `cp13b`.`customer`
-- -----------------------------------------------------
DROP TABLE IF EXISTS `cp13b`.`customer` ;

SHOW WARNINGS;
CREATE TABLE IF NOT EXISTS `cp13b`.`customer` (
  `cus_id` SMALLINT NOT NULL,
  `cus_fname` VARCHAR(30) NOT NULL,
  `cus_lname` VARCHAR(30) NOT NULL,
  `cus_street` VARCHAR(30) NOT NULL,
  `cus_city` VARCHAR(30) NOT NULL,
  `cus_state` CHAR(2) NOT NULL,
  `cus_zip` INT NOT NULL,
  `cus_phone` BIGINT NOT NULL,
  `cus_email` VARCHAR(100) NOT NULL,
  `cus_balance` DECIMAL(6,2) NOT NULL,
  `cus_total_sales` DECIMAL(6,2) NOT NULL,
  `cus_notes` VARCHAR(255) NULL,
  PRIMARY KEY (`cus_id`))
ENGINE = InnoDB;

SHOW WARNINGS;

-- -----------------------------------------------------
-- Table `cp13b`.`pet`
-- -----------------------------------------------------
DROP TABLE IF EXISTS `cp13b`.`pet` ;

SHOW WARNINGS;
CREATE TABLE IF NOT EXISTS `cp13b`.`pet` (
  `pet_id` SMALLINT NOT NULL,
  `store_str_id` SMALLINT NOT NULL,
  `customer_cus_id` SMALLINT NOT NULL,
  `str_id` SMALLINT NOT NULL,
  `pet_type` VARCHAR(45) NOT NULL,
  `pet_sex` ENUM('m', 'f') NOT NULL,
  `per_cost` DECIMAL(6,2) NOT NULL,
  `pet_price` DECIMAL(9,2) NOT NULL,
  `pet_age` TINYINT NOT NULL,
  `pet_color` VARCHAR(10) NOT NULL,
  `pet_sale_date` DATE NULL,
  `pet_vaccine` DATE NOT NULL,
  `pet_neuter` DATE NOT NULL,
  `pet_notes` VARCHAR(255) NULL,
  PRIMARY KEY (`pet_id`),
  INDEX `fk_pet_store_idx` (`store_str_id` ASC),
  INDEX `fk_pet_customer1_idx` (`customer_cus_id` ASC),
  CONSTRAINT `fk_pet_store`
    FOREIGN KEY (`store_str_id`)
    REFERENCES `cp13b`.`store` (`str_id`)
    ON DELETE NO ACTION
    ON UPDATE NO ACTION,
  CONSTRAINT `fk_pet_customer1`
    FOREIGN KEY (`customer_cus_id`)
    REFERENCES `cp13b`.`customer` (`cus_id`)
    ON DELETE NO ACTION
    ON UPDATE NO ACTION)
ENGINE = InnoDB;

SHOW WARNINGS;

SET SQL_MODE=@OLD_SQL_MODE;
SET FOREIGN_KEY_CHECKS=@OLD_FOREIGN_KEY_CHECKS;
SET UNIQUE_CHECKS=@OLD_UNIQUE_CHECKS;

-- -----------------------------------------------------
-- Data for table `cp13b`.`store`
-- -----------------------------------------------------
START TRANSACTION;
USE `cp13b`;
INSERT INTO `cp13b`.`store` (`str_id`, `str_name`, `str_street`, `str_city`, `str_state`, `str_zip`, `str_phone`, `str_td_sales`, `str_url`, `str_notes`) VALUES (1, 'Joe\'s Pets', 'Devon Cit', 'Naples', 'FL', 32323, 8505551212, 500, 'thispetstore.com', NULL);
INSERT INTO `cp13b`.`store` (`str_id`, `str_name`, `str_street`, `str_city`, `str_state`, `str_zip`, `str_phone`, `str_td_sales`, `str_url`, `str_notes`) VALUES (2, 'Sara\'s Pets', 'High road', 'Tampa', 'FL', 38473, 0493847563, 1200, 'srarspets.com', NULL);
INSERT INTO `cp13b`.`store` (`str_id`, `str_name`, `str_street`, `str_city`, `str_state`, `str_zip`, `str_phone`, `str_td_sales`, `str_url`, `str_notes`) VALUES (3, 'PetStore Utopia', 'Stadium Drive', 'Gainsville', 'FL', 56372, 9384738294, 1000, 'Petstoreutopia.com', NULL);
INSERT INTO `cp13b`.`store` (`str_id`, `str_name`, `str_street`, `str_city`, `str_state`, `str_zip`, `str_phone`, `str_td_sales`, `str_url`, `str_notes`) VALUES (4, 'Frank\'s Fish', '17th st sw', 'New York City', 'NY', 85847, 9483748592, 20000, 'FranksFish.com', NULL);
INSERT INTO `cp13b`.`store` (`str_id`, `str_name`, `str_street`, `str_city`, `str_state`, `str_zip`, `str_phone`, `str_td_sales`, `str_url`, `str_notes`) VALUES (5, 'Carl\'s PetStore', 'Tamiami Trail', 'Chicago', 'IL', 47384, 3746573829, 99000, 'Carlspetstore.com', NULL);
INSERT INTO `cp13b`.`store` (`str_id`, `str_name`, `str_street`, `str_city`, `str_state`, `str_zip`, `str_phone`, `str_td_sales`, `str_url`, `str_notes`) VALUES (6, 'Petsmart', 'Imokallie', 'San fransisico', 'CL', 38475, 9384756283, 38832, 'petsmart.com', NULL);
INSERT INTO `cp13b`.`store` (`str_id`, `str_name`, `str_street`, `str_city`, `str_state`, `str_zip`, `str_phone`, `str_td_sales`, `str_url`, `str_notes`) VALUES (7, 'Petco', 'Collier blvd', 'Miami', 'FL', 93726, 8573628495, 29380, 'petco.com', NULL);
INSERT INTO `cp13b`.`store` (`str_id`, `str_name`, `str_street`, `str_city`, `str_state`, `str_zip`, `str_phone`, `str_td_sales`, `str_url`, `str_notes`) VALUES (8, 'The Best Pet Store', 'Catlina drive', 'Tallahassee', 'FL', 07938, 8374619203, 494873, 'thebestpetstore.com', NULL);
INSERT INTO `cp13b`.`store` (`str_id`, `str_name`, `str_street`, `str_city`, `str_state`, `str_zip`, `str_phone`, `str_td_sales`, `str_url`, `str_notes`) VALUES (9, 'BarkBark', 'radio road', 'Ft. Myers', 'FL', 38274, 873829384, 938293, 'BarkBark.com', NULL);
INSERT INTO `cp13b`.`store` (`str_id`, `str_name`, `str_street`, `str_city`, `str_state`, `str_zip`, `str_phone`, `str_td_sales`, `str_url`, `str_notes`) VALUES (10, 'MeowMeow', 'santa barbra', 'Orlando', 'FL', 95736, 1726384902, 389302, 'MeowMeow.com', NULL);

COMMIT;


-- -----------------------------------------------------
-- Data for table `cp13b`.`customer`
-- -----------------------------------------------------
START TRANSACTION;
USE `cp13b`;
INSERT INTO `cp13b`.`customer` (`cus_id`, `cus_fname`, `cus_lname`, `cus_street`, `cus_city`, `cus_state`, `cus_zip`, `cus_phone`, `cus_email`, `cus_balance`, `cus_total_sales`, `cus_notes`) VALUES (1, 'Christian', 'Pelaez-Espinosa', '3555 19th ave', 'Naples', 'FL', 34417, 2398779393, 'cp13b@my.fsu.edu', 4.00, 1, 'They are nice');
INSERT INTO `cp13b`.`customer` (`cus_id`, `cus_fname`, `cus_lname`, `cus_street`, `cus_city`, `cus_state`, `cus_zip`, `cus_phone`, `cus_email`, `cus_balance`, `cus_total_sales`, `cus_notes`) VALUES (2, 'Bob', 'Builder', '123 st.', 'Miami', 'FL', 12234, 5559394829, 'hisemail@gmail.com', 1.23, 3, 'They liked the store');
INSERT INTO `cp13b`.`customer` (`cus_id`, `cus_fname`, `cus_lname`, `cus_street`, `cus_city`, `cus_state`, `cus_zip`, `cus_phone`, `cus_email`, `cus_balance`, `cus_total_sales`, `cus_notes`) VALUES (3, 'Junior', 'Hostil', '234 st.', 'Orlando', 'FL', 39204, 5554938590, 'something@hotmail.com', 3.21, 4, 'He got a pet');
INSERT INTO `cp13b`.`customer` (`cus_id`, `cus_fname`, `cus_lname`, `cus_street`, `cus_city`, `cus_state`, `cus_zip`, `cus_phone`, `cus_email`, `cus_balance`, `cus_total_sales`, `cus_notes`) VALUES (4, 'Samantha', 'Yo', '564 st.', 'Chicago', 'IL', 39484, 5559403837, 'else@gmail.com', 2.12, 2, 'Was happy');
INSERT INTO `cp13b`.`customer` (`cus_id`, `cus_fname`, `cus_lname`, `cus_street`, `cus_city`, `cus_state`, `cus_zip`, `cus_phone`, `cus_email`, `cus_balance`, `cus_total_sales`, `cus_notes`) VALUES (5, 'Andree', 'Devoe', '894 st.', 'New York', 'NY', 39485, 5553847363, 'yo@gmail.com', 1.23, 1, 'got a pet');
INSERT INTO `cp13b`.`customer` (`cus_id`, `cus_fname`, `cus_lname`, `cus_street`, `cus_city`, `cus_state`, `cus_zip`, `cus_phone`, `cus_email`, `cus_balance`, `cus_total_sales`, `cus_notes`) VALUES (6, 'Benji', 'Ben', '384 st.', 'Tallahassee', 'FL', 32304, 5553847583, 'benjinikes@gmail.com', 12.32, 2, 'enjoyed the store');
INSERT INTO `cp13b`.`customer` (`cus_id`, `cus_fname`, `cus_lname`, `cus_street`, `cus_city`, `cus_state`, `cus_zip`, `cus_phone`, `cus_email`, `cus_balance`, `cus_total_sales`, `cus_notes`) VALUES (7, 'Shawn', 'Chin', '732 st.', 'Las Vegas', 'NV', 29384, 5558384739, 'shawnny@gmail.com', 4.31, 2, 'loved the store');
INSERT INTO `cp13b`.`customer` (`cus_id`, `cus_fname`, `cus_lname`, `cus_street`, `cus_city`, `cus_state`, `cus_zip`, `cus_phone`, `cus_email`, `cus_balance`, `cus_total_sales`, `cus_notes`) VALUES (8, 'Bob', 'Smith', '123 Main St', 'Loxahatchee', 'FL', 33312, 5556767678, 'bob.smith@gmail.com', 4.510, 5, ' thought the Cashier was nice');
INSERT INTO `cp13b`.`customer` (`cus_id`, `cus_fname`, `cus_lname`, `cus_street`, `cus_city`, `cus_state`, `cus_zip`, `cus_phone`, `cus_email`, `cus_balance`, `cus_total_sales`, `cus_notes`) VALUES (9, 'John', 'James', '211 Main St.', 'Tampa', 'FL', 43546, 5556861234, 'johnnyboi@gmail.com', 7.54, 3, 'liked the pets');
INSERT INTO `cp13b`.`customer` (`cus_id`, `cus_fname`, `cus_lname`, `cus_street`, `cus_city`, `cus_state`, `cus_zip`, `cus_phone`, `cus_email`, `cus_balance`, `cus_total_sales`, `cus_notes`) VALUES (10, 'Summer', 'Smalls', '311 Main St.', 'Melbourne', 'FL', 43123, 5558769876, 'notwinter@gmail.com', 54.32, 1, 'likes bunnies');

COMMIT;


-- -----------------------------------------------------
-- Data for table `cp13b`.`pet`
-- -----------------------------------------------------
START TRANSACTION;
USE `cp13b`;
INSERT INTO `cp13b`.`pet` (`pet_id`, `store_str_id`, `customer_cus_id`, `str_id`, `pet_type`, `pet_sex`, `per_cost`, `pet_price`, `pet_age`, `pet_color`, `pet_sale_date`, `pet_vaccine`, `pet_neuter`, `pet_notes`) VALUES (1, 1, 1, 1, 'Rabbit', 'm', 12.34, 12.35, 2, 'White', '2016-01-15', '2016-01-16', '2016-01-12', 'feisty');
INSERT INTO `cp13b`.`pet` (`pet_id`, `store_str_id`, `customer_cus_id`, `str_id`, `pet_type`, `pet_sex`, `per_cost`, `pet_price`, `pet_age`, `pet_color`, `pet_sale_date`, `pet_vaccine`, `pet_neuter`, `pet_notes`) VALUES (2, 2, 2, 2, 'Rabbit', 'f', 12.34, 15.56, 1, 'Black', '2014-01-15', '2016-01-12', '2016-01-19', 'cute');
INSERT INTO `cp13b`.`pet` (`pet_id`, `store_str_id`, `customer_cus_id`, `str_id`, `pet_type`, `pet_sex`, `per_cost`, `pet_price`, `pet_age`, `pet_color`, `pet_sale_date`, `pet_vaccine`, `pet_neuter`, `pet_notes`) VALUES (3, 3, 3, 3, 'Dog', 'm', 34.45, 72.23, 1.5, 'Gold', '2016-01-16', '2016-02-13', '2016-01-11', 'long fur');
INSERT INTO `cp13b`.`pet` (`pet_id`, `store_str_id`, `customer_cus_id`, `str_id`, `pet_type`, `pet_sex`, `per_cost`, `pet_price`, `pet_age`, `pet_color`, `pet_sale_date`, `pet_vaccine`, `pet_neuter`, `pet_notes`) VALUES (4, 4, 4, 4, 'Cat', 'm', 4.65, 15.23, 1, 'Black', '2016-01-17', '2016-01-14', '2016-01-18', 'weird');
INSERT INTO `cp13b`.`pet` (`pet_id`, `store_str_id`, `customer_cus_id`, `str_id`, `pet_type`, `pet_sex`, `per_cost`, `pet_price`, `pet_age`, `pet_color`, `pet_sale_date`, `pet_vaccine`, `pet_neuter`, `pet_notes`) VALUES (5, 5, 5, 5, 'Parrot', 'f', 56.32, 65.45, .2, 'Blue', '2016-01-18', '2016-01-16', '2016-01-13', 'loud');
INSERT INTO `cp13b`.`pet` (`pet_id`, `store_str_id`, `customer_cus_id`, `str_id`, `pet_type`, `pet_sex`, `per_cost`, `pet_price`, `pet_age`, `pet_color`, `pet_sale_date`, `pet_vaccine`, `pet_neuter`, `pet_notes`) VALUES (6, 6, 6, 6, 'Lizard', 'f', .50, 2.02, 5, 'Brown', '2016-01-19', '2016-01-11', '2016-01-17', 'timid');
INSERT INTO `cp13b`.`pet` (`pet_id`, `store_str_id`, `customer_cus_id`, `str_id`, `pet_type`, `pet_sex`, `per_cost`, `pet_price`, `pet_age`, `pet_color`, `pet_sale_date`, `pet_vaccine`, `pet_neuter`, `pet_notes`) VALUES (7, 7, 7, 7, 'Sloth', 'f', 1115.16, 3009.56, 7, 'Gray', '2016-01-18', '2016-01-19', '2016-01-14', 'wise');
INSERT INTO `cp13b`.`pet` (`pet_id`, `store_str_id`, `customer_cus_id`, `str_id`, `pet_type`, `pet_sex`, `per_cost`, `pet_price`, `pet_age`, `pet_color`, `pet_sale_date`, `pet_vaccine`, `pet_neuter`, `pet_notes`) VALUES (8, 8, 8, 8, 'Beehive', 'f', 15.76, 25.26, 3, 'Yellow', '2016-01-21', '2016-01-12', '2016-01-16', 'buzz');
INSERT INTO `cp13b`.`pet` (`pet_id`, `store_str_id`, `customer_cus_id`, `str_id`, `pet_type`, `pet_sex`, `per_cost`, `pet_price`, `pet_age`, `pet_color`, `pet_sale_date`, `pet_vaccine`, `pet_neuter`, `pet_notes`) VALUES (9, 9, 9, 9, 'Panda', 'm', .46, .67, .2, 'Purple', '2016-01-12', '2016-01-19', '2016-01-15', 'quick');
INSERT INTO `cp13b`.`pet` (`pet_id`, `store_str_id`, `customer_cus_id`, `str_id`, `pet_type`, `pet_sex`, `per_cost`, `pet_price`, `pet_age`, `pet_color`, `pet_sale_date`, `pet_vaccine`, `pet_neuter`, `pet_notes`) VALUES (10, 10, 10, 10, 'Spider', 'f', 7890.65, 12007.45, .85, 'Black', '2016-02-13', '2016-01-13', '2016-01-17', 'lit');

COMMIT;

